id,name
1,Aaron Mix
2,Abigail Carter
3,Abigail Clark
4,Abigail Cole
5,Abigail Davis
6,Abigail Howard
7,Abigail Parker
8,Abigail Taylor
9,Abigail Turner
10,Abraham Cameron
11,Abraham Casey
12,Abraham Mason
13,Abraham Richardson
14,Ada Brooks
15,Ada Henderson
16,Ada Morrison
17,Ada Reed
18,Ada Scott
19,Ada Wells
20,Ada Wilson
21,Adam Armstrong
22,Adam Bailey
23,Adam Douglas
24,Adam Hamilton
25,Adam Harris
26,Adam Riley
27,Adam West
28,Adelaide Allen
29,Adelaide Parker
30,Adele Adams
31,Adele Fowler
32,Adele Howard
33,Adele Myers
34,Adele Richardson
35,Adison Baker
36,Adison Phillips
37,Adrian Aragon
38,Adrian Crawford
39,Adrian Farrell
40,Adrian Roberts
41,Adrian Watson
42,Adrianna Armstrong
43,Adrianna Cunningham
44,Adrianna Davis
45,Adrianna Moore
46,Adrianna Ross
47,Adrianna Smith
48,Adrianna Turner
49,Adrianna West
50,Agata Mitchell
51,Agata Moore
52,Agata Wells
53,Agata Williams
54,Aida Farrell
55,Aida Gray
56,Aida Kelley
57,Aiden Cameron
58,Aiden Douglas
59,Aiden Spencer
60,Aiden West
61,Aisha Janda
62,Alan Baker
63,Alan Higgins
64,Alan Johnston
65,Alan Simpkins
66,Alan Stewart
67,Alan Williams
68,Albert Foster
69,Albert Grisham
70,Albert Martin
71,Albert Montgomery
72,Albert Turner
73,Alberta Barnes
74,Alberta Ferguson
75,Alberta Gibson
76,Alberta Myers
77,Alberto Yoho
78,Aldus Mason
79,Aldus Montgomery
80,Aldus Payne
81,Aldus Robinson
82,Alejandro Carter
83,Alen Armstrong
84,Alen Henderson
85,Alen Kelley
86,Alen Miller
87,Alen Morgan
88,Alen Wells
89,Alexander Casey
90,Alexander Chapman
91,Alexander Hall
92,Alexander Johnson
93,Alexander Rogers
94,Alexia Allen
95,Alexia Howard
96,Alexia Wright
97,Alford Morgan
98,Alfred Brown
99,Alfred Edwards
100,Alfred Lloyd
101,Alfred Mingus
102,Alfredo Martin
103,Alice Mcmurry
104,Alina Higgins
105,Alina Myers
106,Alina Richards
107,Alina Riley
108,Alina Robinson
109,Alina Thompson
110,Alisa Keller
111,Alisa Murphy
112,Alisa Payne
113,Alisa Stewart
114,Alissa Holmes
115,Alissa Spencer
116,Alissa Williams
117,Allan Morgan
118,Allen Koski
119,Allen Nickels
120,Allen Piper
121,Allison Clark
122,Allison Ward
123,Alvin Shih
124,Amanda Allen
125,Amanda Cole
126,Amanda Douglas
127,Amanda Groves
128,Amanda Hall
129,Amanda Jones
130,Amanda Lacy
131,Amanda Naylor
132,Amanda Parker
133,Amanda Russell
134,Amber Barnes
135,Amber Campbell
136,Amber Cunningham
137,Amber Ellis
138,Amber Johnston
139,Amber Myers
140,Amber Owens
141,Amber Richards
142,Amelia Bailey
143,Amelia Smith
144,Amy Ellis
145,Amy Grant
146,Amy Gray
147,Amy Harper
148,Amy Holmes
149,Andra Murphy
150,Andrea Camp
151,Andrew Carter
152,Andrew Hill
153,Andrew Martinez
154,Andrew Reed
155,Andrew Russell
156,Andrew Warren
157,Andy Cline
158,Angela Seigler
159,Angeline Russell
160,Angelo Raines
161,Anita Mota
162,Ann Ellis
163,Ann Murray
164,Ann Robb
165,Ann White
166,Anna Barnes
167,Anna Hart
168,Anna Mills
169,Anna Payne
170,Anna Perkins
171,Annabella Craig
172,Annabella Harris
173,Annabella Johnston
174,Annabella Montgomery
175,Annabella Roberts
176,Annabella Taylor
177,Annie Kidd
178,Anthony Williams
179,Antonette Umana
180,Antonio Thomas
181,Antony Hall
182,Antony Johnson
183,Antony Mitchell
184,Antony Sullivan
185,April Anderson
186,April Brown
187,April Farrell
188,April Johnston
189,April Jones
190,April Kirk
191,April Scott
192,April Stewart
193,Arianna Chapman
194,Arianna Montgomery
195,Arianna Payne
196,Arianna Thomas
197,Ariel Archer
198,Arnold Campbell
199,Arnold Harrison
200,Arnold Hill
201,Arnold Murray
202,Arnold Perry
203,Arthur Allen
204,Arthur Clark
205,Arthur Gordon
206,Arthur Gray
207,Arthur Hawkins
208,Arthur Wright
209,Ashley Gillespie
210,Ashley Infante
211,Ashley Thomas
212,Ashley Weatherspoon
213,Ashley Yelverton
214,Ashton Cole
215,Ashton Craig
216,Ashton Miller
217,Ashton Sullivan
218,Aston Casey
219,Aston Edwards
220,Aston Evans
221,Aston Taylor
222,Aston Warren
223,Aston West
224,Audra Taylor
225,Audrey Cooper
226,Audrey Edwards
227,Audrey Harris
228,Audrey Stevens
229,Aura Johnson
230,Ayako Fincher
231,Barbara Fong
232,Barbara Greene
233,Barbara Kagan
234,Barbara Wooley
235,Barbara Wyatt
236,Barry Belt
237,Barry Floyd
238,Barry Ward
239,Belinda Armstrong
240,Belinda Bailey
241,Belinda Douglas
242,Belinda Phillips
243,Belinda Robinson
244,Belinda Ross
245,Belinda Wright
246,Benjamin Fang
247,Benjamin Jones
248,Benjamin Mcbride
249,Benny Brown
250,Benny Taylor
251,Bernard Low
252,Bernard Oliver
253,Bert Szymanski
254,Bertha Sharpe
255,Beth Jackson
256,Bettie Brown
257,Bettie Davis
258,Betty Brinson
259,Betty Clay
260,Betty Levy
261,Bill Green
262,Bill Taylor
263,Billy Clayton
264,Billy Garcia
265,Billy Givens
266,Blake Anderson
267,Blake Andrews
268,Blake Holmes
269,Blake Nelson
270,Bob Bliss
271,Bobbie Brady
272,Bobby Blocker
273,Bobby Stevens
274,Bonnie Benefiel
275,Bonnie Powell
276,Brad Campbell
277,Brad Cunningham
278,Brad Farrell
279,Brad Obrien
280,Brad Reed
281,Brad Spencer
282,Brad Thompson
283,Brandi Marchese
284,Brandi Russo
285,Brenda Banks
286,Brenda Mercer
287,Brenda Moon
288,Brian Goodwin
289,Brian Hamill
290,Brian Wood
291,Brianna Allen
292,Brianna Andrews
293,Brianna Brown
294,Brianna Henderson
295,Brianna Mitchell
296,Briony Clark
297,Briony Harris
298,Briony Mitchell
299,Brooke Bennett
300,Brooke Dixon
301,Brooke Foster
302,Brooke Payne
303,Brooke Perry
304,Brooke Tucker
305,Brooke Watson
306,Bruce Cole
307,Bruce Ennis
308,Bruce Myers
309,Bruce Nelson
310,Bruce Turner
311,Bruce Williams
312,Bryan Bernstein
313,Byron Jones
314,Byron Riley
315,Byron Smith
316,Cadie Armstrong
317,Cadie Cunningham
318,Cadie Gray
319,Cadie Morrison
320,Camelia Guerrette
321,Camila Carter
322,Camila Cunningham
323,Camila Perry
324,Camila Ross
325,Camila Sullivan
326,Carina Cameron
327,Carina Campbell
328,Carina Farrell
329,Carina Gibson
330,Carina Hill
331,Carina Morris
332,Carina Riley
333,Carina Robinson
334,Carina Sullivan
335,Carina Thompson
336,Carl Craig
337,Carl Holmes
338,Carl Kelley
339,Carl Morris
340,Carl Murphy
341,Carl Riley
342,Carl Robinson
343,Carla Vega
344,Carlos Hunt
345,Carlos Myers
346,Carlos Walker
347,Carmen Carballo
348,Carole Burgess
349,Carole Gamble
350,Caroline Adams
351,Caroline Baker
352,Caroline Davis
353,Caroline Dixon
354,Caroline Hill
355,Caroline Jones
356,Caroline Payne
357,Carolyn Mccammon
358,Carolyn Meaux
359,Carolyn Wilker
360,Carry Miller
361,Catherine Taylor
362,Chanda Rand
363,Charles Boyce
364,Charles Carter
365,Charles Dibiase
366,Charles Humphries
367,Charles Robinson
368,Charles Russ
369,Charles Stagg
370,Charles Thomas
371,Charlie Bennett
372,Charlie Mason
373,Charlie Morgan
374,Charlie Taylor
375,Charlie Wright
376,Charlotte Cole
377,Charlotte Crawford
378,Charlotte Farrell
379,Charlotte Higgins
380,Charlotte Moore
381,Charlotte Morris
382,Charlotte Reed
383,Chelsea Anderson
384,Chelsea Bennett
385,Chelsea Grant
386,Chelsea Hill
387,Chelsea Mason
388,Chelsea Montgomery
389,Chelsea Perry
390,Chelsea Walker
391,Cherry Barrett
392,Cherry Brooks
393,Cherry Elliott
394,Cherry Higgins
395,Cheryl Davis
396,Cheryl Jordan
397,Cheryl Nunez
398,Chester Bailey
399,Chester Clark
400,Chester Cunningham
401,Chester Harper
402,Chester Majewski
403,Chester Miller
404,Chester Roberts
405,Chloe Alexander
406,Chloe Campbell
407,Chloe Cooper
408,Chloe Jones
409,Chloe Miller
410,Chloe Parker
411,Chloe Smith
412,Chloe Sullivan
413,Chong Stoll
414,Chris Neeley
415,Christie Dille
416,Christina Weatherly
417,Christine Bronstein
418,Christine Clark
419,Christopher Casey
420,Christopher Poore
421,Christopher Smith
422,Christy Mccoy
423,Christy Thomas
424,Cindy Brown
425,Claire Wilson
426,Clara Klein
427,Clark Cameron
428,Clark Douglas
429,Clark Roberts
430,Clark Wells
431,Clifford Christianson
432,Clifford Eckert
433,Clifton Hamilton
434,Clyde Thacker
435,Cody Wright
436,Connie Armstrong
437,Connie Bennett
438,Connie Brooks
439,Connie Harris
440,Connie Martin
441,Connie Perkins
442,Connie Walker
443,Connie Watson
444,Connie Wells
445,Cora Overbay
446,Cory Washington
447,Craig Ferguson
448,Curtis Howell
449,Curtis Kendall
450,Cynthia Bradford
451,Cyrus Meza
452,Dainton Armstrong
453,Dainton Barnes
454,Dainton Gray
455,Dainton Johnston
456,Dainton Mitchell
457,Dainton Murphy
458,Dainton Riley
459,Daisy Farrell
460,Daisy Murphy
461,Daisy Russell
462,Daisy Thompson
463,Dale Baker
464,Dale Brown
465,Dale Cooper
466,Dale Evans
467,Dale Johnson
468,Dale Roberts
469,Dana Cole
470,Dana Pleas
471,Daniel Allen
472,Daniel Armstrong
473,Daniel Chapman
474,Daniel Collazo
475,Daniel Cortez
476,Daniel Elliott
477,Daniel Evans
478,Daniel Freeland
479,Daniel Hatton
480,Daniel Henderson
481,Daniel Jacobs
482,Daniel Knott
483,Daniel Spencer
484,Daniel Stewart
485,Daniel Torres
486,Daniel Tucker
487,Daniel Wilson
488,Danny Atkison
489,Danny Chambers
490,Darcy Campbell
491,Darcy Edwards
492,Darcy Martin
493,Darcy Morrison
494,Darlene Amaya
495,Darlene Greve
496,Darlene Turner
497,Darlene Vernon
498,Darrell Townsley
499,Darren Turner
500,Darrin Ford
501,Darron Batie
502,Daryl Farrell
503,Daryl Johnson
504,Daryl Perkins
505,Daryl Reed
506,Daryl Teel
507,David Alston
508,David Casey
509,David Craig
510,David Davis
511,David Demaria
512,David Green
513,David Holloway
514,David Lafferty
515,David Martinez
516,David Mason
517,David Ortiz
518,David Plunk
519,David Richardson
520,David Richmond
521,David Spencer
522,David Tapia
523,David Tucker
524,David Wright
525,Dawn Saunders
526,Deanna Douglas
527,Deanna Harper
528,Debbie Pegram
529,Debbie Williams
530,Deborah Barnes
531,Deborah Escudero
532,Debra Anderson
533,Debra Hofmeister
534,Debra Sabatino
535,Debra Sherburne
536,Delia Bautista
537,Della Chasse
538,Delmer Metz
539,Delores Martin
540,Delores Whelan
541,Dena Depriest
542,Dennis Murphy
543,Derek Casey
544,Derek Ryan
545,Derek Sullivan
546,Derrick Jones
547,Derrick Walker
548,Devona Jenkins
549,Dexter Kelly
550,Dexter Riley
551,Diana Skinner
552,Diane Tomko
553,Diane York
554,Dick Olson
555,Dominik Owens
556,Dominik Phillips
557,Don Ginsberg
558,Donald Bowen
559,Donald Garcia
560,Donald Moreno
561,Donn Stairs
562,Donna Hickman
563,Donna Martin
564,Dorothy Mattos
565,Douglas Fish
566,Douglas Sites
567,Doyle Bickel
568,Earl Schmidt
569,Eddie Durant
570,Eddie Kincaid
571,Eddy Andrews
572,Eddy Cunningham
573,Eddy Russell
574,Eddy Sullivan
575,Eddy Thomas
576,Eddy Wilson
577,Edgar Craig
578,Edgar Ellis
579,Edgar Jones
580,Edgar Morgan
581,Edgar Murphy
582,Edison Hicks
583,Edith Campbell
584,Edith Higgins
585,Edith Payne
586,Edith Perry
587,Edmundo Gibbs
588,Edward Ellis
589,Edward Johnston
590,Edward Middleton
591,Edwin Brown
592,Edwin Carroll
593,Edwin Ellis
594,Edwin Hall
595,Edwin Holmes
596,Edwin Howard
597,Edwin Kelley
598,Edwin Wilson
599,Eileen Mcguire
600,Elba Harris
601,Eleanor Baker
602,Eleanor Carroll
603,Eleanor Henderson
604,Eleanor Morgan
605,Eleanor Nelson
606,Eleanor Scott
607,Eleanor Stevens
608,Eleanor West
609,Eleanor Williams
610,Eleanor Wright
611,Elene Greaney
612,Elian Martin
613,Elian Montgomery
614,Elian Ross
615,Elian Taylor
616,Elisabeth Novick
617,Elise Adams
618,Elise Armstrong
619,Elise Johnson
620,Elise Morris
621,Elise Robinson
622,Elizabeth Robinson
623,Elizabeth Smith
624,Elizabeth Turnbull
625,Ellia Douglas
626,Ellia Farrell
627,Ellia Hawkins
628,Ellia Lloyd
629,Ellia Richards
630,Elsa Bramlett
631,Elsie Carrillo
632,Emanuel Richards
633,Emerson Jackson
634,Emilee Mcqueen
635,Emily Henderson
636,Emily Reed
637,Emily Rogers
638,Emma Mattson
639,Emma Richardson
640,Emma Rooks
641,Emma Scott
642,Emma Thomas
643,Emma Williams
644,Emma Wright
645,Eric Bloom
646,Eric Cooper
647,Eric Elliott
648,Eric Farrell
649,Eric Howard
650,Eric Johnson
651,Eric Miller
652,Eric Turner
653,Erik Hall
654,Erin Moore
655,Erma Davis
656,Esther Pfister
657,Ethel Lawson
658,Evalyn Simpson
659,Evelyn Cameron
660,Evelyn Ellis
661,Evelyn Hagan
662,Evelyn Morris
663,Evelyn Phillips
664,Fanny Elliott
665,Felipe Mattern
666,Fenton Cole
667,Fenton Hawkins
668,Fenton Wilson
669,Fiona Baker
670,Fiona Cunningham
671,Florence Robertson
672,Florrie Armstrong
673,Florrie Riley
674,Florrie Ryan
675,Florrie Thompson
676,Frances Foote
677,Frances Jones
678,Francis Peltier
679,Francisco Turman
680,Frank Bailey
681,Frank Moore
682,Frank Roger
683,Frankie Evers
684,Frankie Martel
685,Fred Kaiser
686,Fred Rachal
687,Freddie Bailey
688,Freddie Higgins
689,Freddie Watson
690,Freddie West
691,Frederick Edwards
692,Frederick Gray
693,Frederick Miller
694,Frederick Parker
695,Frederick Reed
696,Frederick Stevens
697,Frederick Wright
698,Garry Carter
699,Garry Davis
700,Garry Moody
701,Garry Myers
702,Garry Perry
703,Garry Thompson
704,Gary Cook
705,Gary Trammell
706,George Acklin
707,George Alcala
708,George Klein
709,George Lehman
710,George Monks
711,George Morris
712,George Parker
713,Gerald Chan
714,Gerald Parker
715,Geraldine Hubbard
716,Geraldine Southwood
717,Gianna Gibson
718,Gianna Morris
719,Gianna Richards
720,Gianna Wright
721,Gilbert Betancourt
722,Gladys Briggs
723,Gladys Parker
724,Gladys Vue
725,Glenda Tucker
726,Glenn Waddell
727,Gloria Arrowood
728,Gloria Noonan
729,Grace Bennett
730,Grace Davis
731,Grace Fowler
732,Grace Jones
733,Grace Riley
734,Grace Silvernail
735,Grace Stewart
736,Grace Taylor
737,Graham Stout
738,Gregory Bell
739,Gregory Foust
740,Gregory Kang
741,Griselda Briscoe
742,Hailey Crawford
743,Hailey Harper
744,Hailey Tucker
745,Hannah Hart
746,Haris Allen
747,Haris Smith
748,Haris Walker
749,Haris Watson
750,Haris Williams
751,Harold Bomar
752,Harold Brown
753,Harold Douglas
754,Harold Elliott
755,Harold Gibson
756,Harold Harris
757,Harold Lloyd
758,Harold Montgomery
759,Harold Tucker
760,Harold Turner
761,Harold Wenger
762,Harold Wilson
763,Harvey Flores
764,Hazel Atherton
765,Hazel Carroll
766,Hazel Nasser
767,Heather Carroll
768,Heather Counts
769,Heather Farrell
770,Heather Nelson
771,Heather Thompson
772,Heather West
773,Helen Ford
774,Helen Martin
775,Helen Mathis
776,Henry Adams
777,Henry Armstrong
778,Henry Bennett
779,Henry Casey
780,Henry Gahagan
781,Henry Mitchell
782,Henry Scott
783,Henry Soto
784,Henry Walker
785,Henry Wells
786,Herbert Anderson
787,Hilda Garcia
788,Honey Adams
789,Honey Davis
790,Honey Gray
791,Honey Harris
792,Honey Ross
793,Ian Hernandez
794,Ida Puryear
795,Irene Berry
796,Irene Martin
797,Irma Brockington
798,Isabella Andrews
799,Isabella Clark
800,Isabella Myers
801,Isabella Perkins
802,Isabella Russell
803,Ivan Young
804,Jack Brown
805,Jack Christopher
806,Jack Farrell
807,Jack Foster
808,Jack Hill
809,Jack Hunt
810,Jack Schultz
811,Jack Stevens
812,Jack Wagner
813,Jack Wright
814,Jacob Brown
815,Jacob Crawford
816,Jacob Gilford
817,Jacob Gray
818,Jacob Myers
819,Jacob Perkins
820,Jacob Phillips
821,Jacquelyn Bettencourt
822,Jacquelyn Reese
823,Jamal Marley
824,James Caldwell
825,James Douglas
826,James Frazier
827,James Gulledge
828,James Harrison
829,James Harter
830,James Haynes
831,James Holmes
832,James Howard
833,James Jones
834,James Mccraw
835,James Montgomery
836,James Morgan
837,James Myers
838,James Newbold
839,James Russell
840,James Salinas
841,James Smith
842,James Steinbeck
843,James Stewart
844,James Walker
845,Jamie Johnson
846,Jane Acker
847,Jane Hall
848,Jane Shelton
849,Janet Castle
850,Janice Jarosz
851,Janice Joachim
852,Janice Pirkle
853,Jared Chapman
854,Jared Craig
855,Jared Martin
856,Jared Morrison
857,Jared Ross
858,Jared Spencer
859,Jared Stewart
860,Jared Walker
861,Jared Wells
862,Jasmine Cole
863,Jasmine Cunningham
864,Jasmine Henderson
865,Jasmine Higgins
866,Jasmine Moore
867,Jasmine Perry
868,Jasmine Stevens
869,Jasmine Williams
870,Jasmine Wilson
871,Jason Farmer
872,Jason Hill
873,Jason Kinney
874,Jason Schwartz
875,Jason Wininger
876,Jeanne Contreras
877,Jeff Smith
878,Jeffrey Pedersen
879,Jeffrey Purvis
880,Jeffrey Vida
881,Jeffrey Weaver
882,Jenna Adams
883,Jenna Perry
884,Jenna Wright
885,Jennie Lark
886,Jennifer Casey
887,Jennifer Higuera
888,Jennifer Lambert
889,Jennifer Peterson
890,Jennifer Philpott
891,Jennifer Reed
892,Jennifer Romano
893,Jermaine Melvin
894,Jerry Owen
895,Jesica Brennan
896,Jesse Wadsworth
897,Jessica Crawford
898,Jessica Cunningham
899,Jessica Davis
900,Jessica Mack
901,Jessica Phillips
902,Jessica Scott
903,Jessica Spencer
904,Jessica West
905,Jessica Wilson
906,Jessie Hudson
907,Jessie Iorio
908,Jill White
909,Jo Lazarus
910,Joan Caldwell
911,Joan Cobb
912,Joan Velez
913,Joann Hershey
914,Joe Day
915,John Amado
916,John Anderson
917,John Beasley
918,John Cunningham
919,John Eagan
920,John Garcia
921,John Gordon
922,John Hamilton
923,John Harris
924,John Harrison
925,John Johnson
926,John Light
927,John Mccullum
928,John Mejia
929,John Mowrer
930,John Perry
931,John Ryan
932,John Sharp
933,John Sneller
934,John Straight
935,John Thomas
936,John Thompson
937,John Williams
938,John Wright
939,Johnathan Cooper
940,Johnny Desjardins
941,Johnny Lopez
942,Johnny Naccarato
943,Johnsie Ruggiero
944,Jon Bishop
945,Jonathan Cortez
946,Joni Roberts
947,Jordan Elliott
948,Jordan Owens
949,Jose Downs
950,Jose Smith
951,Jose Stokes
952,Jose Walters
953,Jose Wright
954,Joseph Andrews
955,Joseph Brown
956,Joseph Cohen
957,Joseph Garrett
958,Joseph Lofgren
959,Joseph Miller
960,Joseph Miranda
961,Joseph Ruble
962,Joseph Yopp
963,Joshua Lattimore
964,Joshua Marks
965,Joshua Smith
966,Joshua Tomlinson
967,Joyce Barroso
968,Joyce Campbell
969,Joyce Douglas
970,Joyce Harris
971,Joyce Johnson
972,Joyce Mason
973,Joyce Stevens
974,Judi Maxwell
975,Judith Baca
976,Judy Littell
977,Julia Barrett
978,Julia Carroll
979,Julia Craig
980,Julia Davis
981,Julia Hickman
982,Julia Montgomery
983,Julia Smith
984,Julian Brown
985,Julian Cooper
986,Julian Mason
987,Julian Perry
988,Julian Richards
989,Julie Pugh
990,Justin Allen
991,Justin Davis
992,Justin Grant
993,Justin Medrano
994,Justin Perry
995,Justin Ryan
996,Justin Stewart
997,Justin Trotter
998,Kara Lyon
999,Karen Mitzel
1000,Karen Tapia
1001,Karl Reyes
1002,Karl Ward
1003,Kate Craig
1004,Kate Douglas
1005,Kate Perkins
1006,Kate Stewart
1007,Kate Warren
1008,Kathleen Meadows
1009,Kathleen Pelaez
1010,Kathryn Reed
1011,Kathy Dickson
1012,Kathy Harris
1013,Katie Griffith
1014,Katie Rudd
1015,Katie Thomas
1016,Keith Tessier
1017,Kellan Carroll
1018,Kellan Howard
1019,Kellan Williams
1020,Kelly Campbell
1021,Kelly Hyde
1022,Kelly Smith
1023,Kelsey Johnston
1024,Kelsey Montgomery
1025,Kelsey Reed
1026,Kelsey Sullivan
1027,Kelsey Warren
1028,Kelvin Bailey
1029,Kelvin Barnes
1030,Kelvin Murphy
1031,Kelvin Tucker
1032,Kelvin Wilson
1033,Kenneth Bee
1034,Kenneth Carlson
1035,Kenneth Harrison
1036,Kenneth Johnson
1037,Kenneth Terry
1038,Kevin Batty
1039,Kevin Mitchell
1040,Kevin Montgomery
1041,Kevin Myers
1042,Kevin Roberts
1043,Kevin Williams
1044,Kim Quigley
1045,Kim West
1046,Kimberley Houston
1047,Kimberly Bailey
1048,Kimberly Chapman
1049,Kimberly Harrison
1050,Kimberly Richards
1051,Kimberly Sandoval
1052,Kimberly Stevens
1053,Kirsten Davis
1054,Kirsten Farrell
1055,Kirsten Mitchell
1056,Kirsten Spencer
1057,Kirsten Williams
1058,Kristen Moore
1059,Kristian Barnes
1060,Kristian Barrett
1061,Kristian Brooks
1062,Kristian Hill
1063,Kristian Kelly
1064,Kristian Montgomery
1065,Kristian Perry
1066,Kyle Snyder
1067,Lakesha Luse
1068,Lana Baker
1069,Lana Cameron
1070,Lana Crawford
1071,Lana Ryan
1072,Larry Hunt
1073,Latasha Hubbard
1074,Latosha Haley
1075,Laurel Monroe
1076,Laurence Marano
1077,Lawrence Gardner
1078,Lawrence Wilcox
1079,Leah Lopez
1080,Lee Arthur
1081,Lee Humphrey
1082,Leland Schweitzer
1083,Lenny Jones
1084,Lenny Murphy
1085,Lenny Taylor
1086,Lenny Warren
1087,Leona Lamontagne
1088,Leonard Carr
1089,Leonard Combs
1090,Leonardo Clark
1091,Leonardo Cunningham
1092,Leonardo Harrison
1093,Leonardo Lloyd
1094,Leonardo Watson
1095,Leonardo West
1096,Leslie Cordle
1097,Leslie Meyer
1098,Lilianna Adams
1099,Lilianna Alexander
1100,Lilianna Armstrong
1101,Lilianna Carter
1102,Lilianna Moore
1103,Lillian Murphy
1104,Lillian Rogers
1105,Lily Hamilton
1106,Lily Lloyd
1107,Lily Montgomery
1108,Lily Wright
1109,Linda Aleman
1110,Linda Brown
1111,Linda Gray
1112,Linda Harris
1113,Linda Keeler
1114,Linda Mcgreevy
1115,Linda Rickard
1116,Linda Wilson
1117,Lisa Barber
1118,Lisa Crosby
1119,Lisa Sumner
1120,Lloyd Delgado
1121,Lloyd Jackson
1122,Lois Sharp
1123,Lois Smith
1124,Lori Gross
1125,Lori Renfro
1126,Lori Wade
1127,Lorie Wilson
1128,Louis Collins
1129,Louise Fisher
1130,Luana Crader
1131,Lucas Harper
1132,Lucas Morrison
1133,Lucas Richards
1134,Lucia Evans
1135,Lucia Jones
1136,Lucia Montgomery
1137,Lucia Richardson
1138,Lucien Dickerson
1139,Lucy Anderson
1140,Lucy Brooks
1141,Lucy Clark
1142,Lucy Harrison
1143,Luis Davis
1144,Luis Head
1145,Luke Bailey
1146,Luke Cunningham
1147,Luke Grant
1148,Luke Martin
1149,Luke Richardson
1150,Luke Wells
1151,Luther Houston
1152,Lydia Allen
1153,Lydia Anderson
1154,Lydia Fowler
1155,Lydia Harrison
1156,Lydia Scott
1157,Lydia Watson
1158,Lyndon Anderson
1159,Lyndon Andrews
1160,Lyndon Chapman
1161,Lyndon Edwards
1162,Lyndon Miller
1163,Lyndon Scott
1164,Lyndon Watson
1165,Mabel Lancaster
1166,Madaline Adams
1167,Madaline Baker
1168,Madaline Craig
1169,Madaline Edwards
1170,Madaline Payne
1171,Maddie Bennett
1172,Maddie Douglas
1173,Maddie Evans
1174,Maddie Morgan
1175,Maddie Payne
1176,Maddie Phillips
1177,Maddie Roberts
1178,Maddie Walker
1179,Mae Larson
1180,Mallory Whiten
1181,Mandy Little
1182,Manuel Gallagher
1183,Marcie Young
1184,Marcus Campbell
1185,Marcus Carroll
1186,Marcus Perkins
1187,Marcus Riley
1188,Marcus Robinson
1189,Marcus Russell
1190,Marcus Wilson
1191,Margaret Hart
1192,Margery Broussard
1193,Maria Higgins
1194,Maria Jones
1195,Maria Lloyd
1196,Maria Montgomery
1197,Maria Rey
1198,Mariana Hammond
1199,Marianne Davis
1200,Marie Clemens
1201,Marilyn Jones
1202,Marilynn Sorenson
1203,Marjorie Myers
1204,Mark Burris
1205,Mark Dickson
1206,Mark Larsen
1207,Mark Puig
1208,Mark Williams
1209,Martha Vazquez
1210,Martha Wyatt
1211,Martin Foster
1212,Martin Howard
1213,Martin Jones
1214,Martin Watson
1215,Marty Freeman
1216,Marvin Dutcher
1217,Mary Bacon
1218,Mary Baker
1219,Mary Barone
1220,Mary Bender
1221,Mary Chartrand
1222,Mary Davis
1223,Mary Foster
1224,Mary Gardner
1225,Mary Hall
1226,Mary Hawkins
1227,Mary Jones
1228,Mary Kramer
1229,Mary Loyd
1230,Mary Meadows
1231,Mary Morris
1232,Mary Rice
1233,Mary Rucker
1234,Mary Tucker
1235,Mary Warren
1236,Mary Watson
1237,Mary Williams
1238,Mary Willis
1239,Matthew Burchfield
1240,Matthew Cross
1241,Matthew Taylor
1242,Maureen Martin
1243,Maurice Schindler
1244,Maurine Johnson
1245,Mavis Sanderson
1246,Max Andrews
1247,Max Carter
1248,Max Chapman
1249,Max Hamilton
1250,Max Stevens
1251,Max Thomas
1252,Max Williams
1253,Maximilian Edwards
1254,Maximilian Richards
1255,Maximilian Taylor
1256,Maya Campbell
1257,Maya Craig
1258,Maya Sullivan
1259,Maya Wright
1260,Mayra Gardner
1261,Megan Swartz
1262,Melanie Crawford
1263,Melanie Grant
1264,Melanie Holmes
1265,Melanie Myers
1266,Melanie Nelson
1267,Melanie Tucker
1268,Melinda Aguilera
1269,Melissa Edwards
1270,Melissa Montoya
1271,Melissa Morgan
1272,Melissa Warren
1273,Melissa Watson
1274,Merissa Parry
1275,Michael Baker
1276,Michael Barnes
1277,Michael Chappel
1278,Michael Davis
1279,Michael Fearn
1280,Michael Ferguson
1281,Michael Harris
1282,Michael Huang
1283,Michael Hysell
1284,Michael Jett
1285,Michael Kidd
1286,Michael Morrow
1287,Michael Riddick
1288,Michael Smith
1289,Michael Vidales
1290,Micheal Barnhill
1291,Michele Sheridan
1292,Michelle Bennett
1293,Michelle Gonzales
1294,Michelle Holmes
1295,Michelle Johnson
1296,Michelle Kelly
1297,Michelle Martin
1298,Michelle Walker
1299,Miguel Paul
1300,Mike Brooks
1301,Mike Carter
1302,Mike Elliott
1303,Mike Gray
1304,Mike Jones
1305,Mike Miller
1306,Mike Milner
1307,Mike Moore
1308,Mike Ortiz
1309,Mike Riley
1310,Mike Spencer
1311,Mike Watson
1312,Mike Wilson
1313,Milagros Becker
1314,Mildred Grubbs
1315,Mildred White
1316,Miley Hamilton
1317,Miley Harrison
1318,Miley Johnston
1319,Miley Roberts
1320,Miley Ryan
1321,Miley Scott
1322,Miller Edwards
1323,Miller Russell
1324,Miller Turner
1325,Miller Wells
1326,Millicent Morgan
1327,Minnie Hutchins
1328,Miranda Adams
1329,Miranda Alexander
1330,Miranda Cole
1331,Miranda Craig
1332,Miranda Harris
1333,Miranda Harrison
1334,Miranda Smith
1335,Miranda Wright
1336,Mitchell Nelson
1337,Mona Cook
1338,Muriel Wilson
1339,Myra Barnes
1340,Myra Barrett
1341,Myra Montgomery
1342,Myra Morgan
1343,Myra Murphy
1344,Myra Thomas
1345,Myra West
1346,Myrtie Billie
1347,Nancy Aranda
1348,Nancy Brown
1349,Nancy Campbell
1350,Nannie Powell
1351,Naomi Allen
1352,Naomi Ellis
1353,Naomi Scott
1354,Natalie Anderson
1355,Natalie Armstrong
1356,Natalie Baker
1357,Natalie Farrell
1358,Natalie Hawkins
1359,Natalie Hunt
1360,Natalie Mason
1361,Natalie Murphy
1362,Natalie Thomas
1363,Nathan Aguilar
1364,Neal Jennings
1365,Ned Montgomery
1366,Neil Roberts
1367,Nelson Wilkins
1368,Nicholas Harper
1369,Nicholas Hawkins
1370,Nicholas Hunt
1371,Nicholas Jones
1372,Nicholas Lloyd
1373,Nicholas Melvin
1374,Nicholas Parker
1375,Nicholas Scott
1376,Nicholas Stevens
1377,Nichole Pinner
1378,Nichole Resler
1379,Nicole Cameron
1380,Nicole Ellis
1381,Nicole Holmes
1382,Nicole Jones
1383,Nicole Mays
1384,Nicole Miller
1385,Nicole Morris
1386,Nicole Nelson
1387,Nicole Wilson
1388,Noreen Pope
1389,Norman Tramel
1390,Norris Ford
1391,Octavia Ryan
1392,Odell Duncan
1393,Oliver Hall
1394,Oliver Lloyd
1395,Oliver Perkins
1396,Oliver Roberts
1397,Oliver Rogers
1398,Olivia Barrett
1399,Olivia Cameron
1400,Olivia Carter
1401,Olivia Howard
1402,Olivia Mason
1403,Olivia Parker
1404,Opal Pollard
1405,Opal Stapleton
1406,Orville Weatherwax
1407,Oscar Hunt
1408,Oscar Obrien
1409,Oscar Perkins
1410,Oscar Watson
1411,Oswaldo Whisler
1412,Owen Johnson
1413,Owen Russell
1414,Owen Watson
1415,Ozella Ames
1416,Paige Evans
1417,Paige Grant
1418,Paige Murray
1419,Paige Parker
1420,Paige Russell
1421,Paige Ryan
1422,Paige Sheffield
1423,Paige Thomas
1424,Paige Turner
1425,Pam Pete
1426,Pam Zimmerman
1427,Pamela Mendenhall
1428,Pamela Patten
1429,Pamela Taylor
1430,Pamela Villareal
1431,Pat Askew
1432,Patricia Ellison
1433,Patricia Garrett
1434,Patricia Gonzalez
1435,Patricia Miller
1436,Patricia Price
1437,Patricia Pulley
1438,Patricia Solomon
1439,Patricia Strecker
1440,Patricia Trapp
1441,Patricia Walker
1442,Patrick Brown
1443,Patrick Carter
1444,Patrick Cole
1445,Patrick Jones
1446,Patrick Lewis
1447,Patrick Tash
1448,Patsy Chafin
1449,Paul Cameron
1450,Paul Clark
1451,Paul Cole
1452,Paul Craig
1453,Paul Crawford
1454,Paul Edwards
1455,Paul Howard
1456,Paul Johnson
1457,Paul Mitchell
1458,Paul Paine
1459,Paul Renteria
1460,Paul Rogers
1461,Paul Ross
1462,Pearl Taylor
1463,Penelope Thompson
1464,Pennie Stone
1465,Percy Gant
1466,Perry Colon
1467,Peter Conroy
1468,Philip Richmond
1469,Phyllis Rogers
1470,Preston Baker
1471,Preston Cameron
1472,Preston Evans
1473,Preston Grant
1474,Preston West
1475,Preston Wilson
1476,Queenie Pulliam
1477,Rachelle Burgess
1478,Rafael Alexander
1479,Rafael Scott
1480,Ralph Noble
1481,Ralph Sarmiento
1482,Randall Phillips
1483,Ray Barr
1484,Ray Poovey
1485,Raymond Maclean
1486,Raymond Perkins
1487,Raymond Seaman
1488,Raymond Smith
1489,Rebecca Barnes
1490,Rebecca Dixon
1491,Rebecca Johnston
1492,Rebecca Salley
1493,Rebecca Spear
1494,Rebecca Taylor
1495,Rebecca Turner
1496,Reid Armstrong
1497,Reid Cooper
1498,Reid Perkins
1499,Reid Stewart
1500,Reid Wright
1501,Renee Mccullough
1502,Renee Ryals
1503,Rhonda Choi
1504,Ricardo Saucedo
1505,Richard Brooks
1506,Richard Cunningham
1507,Richard Gardner
1508,Richard Gibson
1509,Richard Hadley
1510,Richard Holmes
1511,Richard Libby
1512,Richard Manning
1513,Richard Moore
1514,Richard Nelson
1515,Richard Roberts
1516,Rick Harris
1517,Robert Allen
1518,Robert Alter
1519,Robert Armstrong
1520,Robert Barrett
1521,Robert Beard
1522,Robert Casey
1523,Robert Cox
1524,Robert Dejesus
1525,Robert Freeman
1526,Robert Grimes
1527,Robert Hall
1528,Robert Holmes
1529,Robert Hoyt
1530,Robert Lyons
1531,Robert Mitchell
1532,Robert Payne
1533,Robert Santiago
1534,Robert Sullivan
1535,Robert Teneyck
1536,Robert Yancey
1537,Rodney Mcdonald
1538,Rodney Samuels
1539,Roger Franco
1540,Roger Jackson
1541,Roland Anderson
1542,Roland Crawford
1543,Roland Gray
1544,Roland Harrison
1545,Roland Hill
1546,Roland Morgan
1547,Roland Ross
1548,Rolland Jensen
1549,Roman Evans
1550,Roman Gibson
1551,Roman Gray
1552,Roman Higgins
1553,Roman Nelson
1554,Roman Spencer
1555,Roman Taylor
1556,Roman Thomas
1557,Roman West
1558,Ronald Barker
1559,Ronald Bunton
1560,Ronald Thomas
1561,Ronnie Moreno
1562,Ronnie Terrell
1563,Rosa Litwin
1564,Rosalinda Johnson
1565,Rosalyn Jones
1566,Rosie Montgomery
1567,Rosie Morrison
1568,Rosie Thompson
1569,Roslyn Mahaney
1570,Roxanne Segura
1571,Roy Bogan
1572,Roy Guerrero
1573,Roy Pauls
1574,Ruben Hernandez
1575,Rubie Crawford
1576,Rubie Elliott
1577,Rubie Farrell
1578,Rubie Hawkins
1579,Rubie Richards
1580,Rubie Walker
1581,Rudy Mcnair
1582,Ruth Adams
1583,Ruth Townsley
1584,Ruth Vaughan
1585,Ryan Armstrong
1586,Ryan Barnes
1587,Ryan Harper
1588,Ryan Kelly
1589,Ryan Lemieux
1590,Ryan Montgomery
1591,Ryan Myers
1592,Ryan Sloane
1593,Ryan Thompson
1594,Ryan Walker
1595,Sabrina Harris
1596,Sabrina Parker
1597,Sabrina Wilson
1598,Sadie Burks
1599,Salvatore Crowder
1600,Sam Barnes
1601,Sam Bennett
1602,Sam Cole
1603,Sam Ferguson
1604,Sam Hammond
1605,Sam Phillips
1606,Sam Roberts
1607,Sam Rogers
1608,Samantha Clark
1609,Samantha Foster
1610,Samantha Mason
1611,Samantha Montgomery
1612,Samuel Rodriguez
1613,Samuel Tanner
1614,Sandra Grooms
1615,Sandra Robles
1616,Sara Mincey
1617,Sarah Andrews
1618,Sarah Farrell
1619,Sarah Ferguson
1620,Sarah Mitchell
1621,Sarah Murphy
1622,Sarah Richardson
1623,Sarah Stevens
1624,Sarah Stewart
1625,Sarah Warren
1626,Sarah Williams
1627,Savana Allen
1628,Savana Carter
1629,Savana Spencer
1630,Savana Wright
1631,Sawyer Barrett
1632,Sawyer Cameron
1633,Sawyer Craig
1634,Sawyer Davis
1635,Sawyer Henderson
1636,Sawyer Kelly
1637,Sawyer Morgan
1638,Sawyer Warren
1639,Scott Corbett
1640,Scott Howze
1641,Seth Johnson
1642,Shameka Diaz
1643,Shari Mccloud
1644,Shawnna Hendricks
1645,Shelly Lynn
1646,Sheri Ackerman
1647,Shin Price
1648,Sidney Cunningham
1649,Sienna Cooper
1650,Sienna Scott
1651,Sienna Wells
1652,Sofia Barnes
1653,Sofia Dixon
1654,Sofia Ferguson
1655,Sofia Ross
1656,Sofia Stewart
1657,Sofia Taylor
1658,Sofia Watson
1659,Sonya Stamey
1660,Sophia Carmichael
1661,Sophia Carroll
1662,Sophia Castro
1663,Sophia Cole
1664,Sophia Evans
1665,Sophia Owens
1666,Sophia Parker
1667,Sophia Richardson
1668,Spike Myers
1669,Spike Parker
1670,Spike Williams
1671,Stacy Barden
1672,Stanley Knox
1673,Stella Bennett
1674,Stella Roberts
1675,Stella Rogers
1676,Stella Taylor
1677,Stella Williams
1678,Stephanie Benton
1679,Stephanie Cardenas
1680,Stephanie Howard
1681,Stephanie Long
1682,Stephanie Nelson
1683,Stephen Mora
1684,Sterling Schilling
1685,Steve Garcia
1686,Steven Brown
1687,Steven Cunningham
1688,Steven Dorr
1689,Steven Hawkins
1690,Steven Johnson
1691,Steven Kerr
1692,Steven Phillips
1693,Steven Spencer
1694,Stuart Bailey
1695,Stuart Henderson
1696,Stuart Myers
1697,Stuart Perkins
1698,Stuart Phillips
1699,Susan Battle
1700,Susan Lynn
1701,Suzanne Nelson
1702,Sydney Edwards
1703,Sydney Ferguson
1704,Sydney Owens
1705,Sydney Riley
1706,Sydney Taylor
1707,Sylvia Tran
1708,Tammy Baldwin
1709,Tammy Riggs
1710,Tammy Watson
1711,Tara Baker
1712,Tara Brooks
1713,Tara Fowler
1714,Tara Holmes
1715,Tara Mcintyre
1716,Tara Perry
1717,Ted Andrews
1718,Ted Berger
1719,Ted Crawford
1720,Ted Hall
1721,Ted Ritter
1722,Teodora Williams
1723,Teresa Johnson
1724,Teresa Wagner
1725,Terri Ackerson
1726,Terry Corcoran
1727,Terry Ellender
1728,Terry Fitchett
1729,Terry Hill
1730,Terry Riggs
1731,Tess Farrell
1732,Tess Murphy
1733,Tess Murray
1734,Tess Wright
1735,Theresa Walker
1736,Thomas Carter
1737,Thomas Chilton
1738,Thomas Foster
1739,Thomas Higgins
1740,Thomas Lewis
1741,Thomas Scott
1742,Thomas Stevens
1743,Thomas Taylor
1744,Thomas Wilbur
1745,Thomas Williams
1746,Thomas Wright
1747,Tiana Bailey
1748,Tiana Bennett
1749,Tiana Farrell
1750,Tiana Kelly
1751,Tiana Taylor
1752,Tiana Walker
1753,Tiffany Mullen
1754,Timothy Manes
1755,Timothy Ramirez
1756,Tina Lanza
1757,Tina Whitney
1758,Toby Leggett
1759,Tom Mccaffrey
1760,Tony Gibson
1761,Tony Warren
1762,Tonya Giannini
1763,Tracy Lum
1764,Travis Chase
1765,Travis Roan
1766,Trista Gray
1767,Tyler Adams
1768,Tyler Allen
1769,Tyler Chapman
1770,Tyler Martin
1771,Tyler Phillips
1772,Tyler Reed
1773,Tyler Roberts
1774,Valentina Schwartz
1775,Valeria Barnes
1776,Valeria Harris
1777,Valeria Harrison
1778,Valeria Wilson
1779,Valerie Scott
1780,Vanessa Bare
1781,Vanessa Myers
1782,Vanessa Payne
1783,Vanessa Peoples
1784,Velma Morris
1785,Verdell Harriss
1786,Veronica Bullock
1787,Veronica Martinez
1788,Vickie Dove
1789,Victor Hunt
1790,Victor Platt
1791,Victor Robinson
1792,Victoria Blair
1793,Victoria Carter
1794,Victoria Clark
1795,Victoria Cox
1796,Victoria Ferguson
1797,Victoria Guzman
1798,Victoria Mccormack
1799,Victoria Myers
1800,Victoria Parker
1801,Victoria Rogers
1802,Victoria Sanders
1803,Victoria Watson
1804,Victoria Wilson
1805,Vincent Brooks
1806,Vincent Davis
1807,Vincent Farrell
1808,Vincent Hunt
1809,Vincent Murphy
1810,Vincent Richardson
1811,Vincent Simpson
1812,Violet Brooks
1813,Violet Cooper
1814,Violet Henderson
1815,Virgil Michael
1816,Virginia Moran
1817,Virginia Rincon
1818,Vito Linneman
1819,Vivian Grant
1820,Vivian Hawkins
1821,Vivian Robinson
1822,Wallace Yaeger
1823,Walter Andrews
1824,Walter Attwood
1825,Walter Cameron
1826,Walter Cunningham
1827,Walter Edwards
1828,Walter Ferguson
1829,Walter Gaines
1830,Walter Messerly
1831,Walter Moore
1832,Walter Morgan
1833,Walter Nelson
1834,Walton Curtis
1835,Wanda Bennett
1836,Wanda Peterson
1837,Wendy Holmes
1838,Whitney Mark
1839,Wilburn Ouellette
1840,Willard Green
1841,William Beveridge
1842,William Calhoun
1843,William Ellis
1844,William Kauffman
1845,William Kornegay
1846,William Murray
1847,William Wallace
1848,Willie Pyle
1849,Wilson Brooks
1850,Wilson Williams
1851,Wilton Butler
1852,Yvette Lowery
1853,Yvonne Neff
1854,Zelda Huff
